{"epoch": 3, "train_lr": 9.999999999999334e-05, "train_class_error": 0.0, "train_loss": 45.08512827438143, "train_loss_ce": 0.9610347557360859, "train_loss_bbox": 2.585152716680606, "train_loss_giou": 3.6667220530238933, "train_loss_ce_0": 0.8019175968961232, "train_loss_bbox_0": 2.8899957829722975, "train_loss_giou_0": 3.758074037124118, "train_loss_ce_1": 0.794556282174569, "train_loss_bbox_1": 2.0949747055173837, "train_loss_giou_1": 3.5202503468034454, "train_loss_ce_2": 0.7505436649520276, "train_loss_bbox_2": 4.565063301502468, "train_loss_giou_2": 3.8802776446540235, "train_loss_ce_3": 0.7045157606700598, "train_loss_bbox_3": 2.9308978148869107, "train_loss_giou_3": 3.7076554137257753, "train_loss_ce_4": 0.9160587279935769, "train_loss_bbox_4": 2.8428752444306826, "train_loss_giou_4": 3.7145621743619714, "train_loss_ce_unscaled": 0.9610347557360859, "train_class_error_unscaled": 0.0, "train_loss_bbox_unscaled": 0.5170305430797572, "train_loss_giou_unscaled": 1.8333610265119467, "train_cardinality_error_unscaled": 44.73041474654378, "train_loss_ce_0_unscaled": 0.8019175968961232, "train_loss_bbox_0_unscaled": 0.5779991569469601, "train_loss_giou_0_unscaled": 1.879037018562059, "train_cardinality_error_0_unscaled": 44.73041474654378, "train_loss_ce_1_unscaled": 0.794556282174569, "train_loss_bbox_1_unscaled": 0.41899494071435267, "train_loss_giou_1_unscaled": 1.7601251734017227, "train_cardinality_error_1_unscaled": 44.73041474654378, "train_loss_ce_2_unscaled": 0.7505436649520276, "train_loss_bbox_2_unscaled": 0.9130126583045163, "train_loss_giou_2_unscaled": 1.9401388223270117, "train_cardinality_error_2_unscaled": 44.73041474654378, "train_loss_ce_3_unscaled": 0.7045157606700598, "train_loss_bbox_3_unscaled": 0.5861795632062786, "train_loss_giou_3_unscaled": 1.8538277068628877, "train_cardinality_error_3_unscaled": 44.73041474654378, "train_loss_ce_4_unscaled": 0.9160587279935769, "train_loss_bbox_4_unscaled": 0.5685750484100318, "train_loss_giou_4_unscaled": 1.8572810871809857, "train_cardinality_error_4_unscaled": 44.73041474654378, "_step": 3, "_runtime": 7814, "_timestamp": 1612290518}