{"epoch": 6, "train_lr": 0.0009999999999999194, "train_class_error": 0.011756687753370649, "train_loss": 22.265749616998708, "train_loss_ce": 0.6733046781521635, "train_loss_bbox": 0.7235832348688088, "train_loss_giou": 2.318535680937183, "train_loss_ce_0": 0.673944314305013, "train_loss_bbox_0": 0.7167254681356798, "train_loss_giou_0": 2.315294699642224, "train_loss_ce_1": 0.6735881045381356, "train_loss_bbox_1": 0.721698977235661, "train_loss_giou_1": 2.321724662289452, "train_loss_ce_2": 0.6738020442069148, "train_loss_bbox_2": 0.7154135640563802, "train_loss_giou_2": 2.3102868946786885, "train_loss_ce_3": 0.6734717645393774, "train_loss_bbox_3": 0.7216074393310359, "train_loss_giou_3": 2.3225360577162335, "train_loss_ce_4": 0.6738667760571987, "train_loss_bbox_4": 0.7185549305968137, "train_loss_giou_4": 2.317810363218553, "train_loss_ce_unscaled": 0.6733046781521635, "train_class_error_unscaled": 0.011756687753370649, "train_loss_bbox_unscaled": 0.14471664697455522, "train_loss_giou_unscaled": 1.1592678404685914, "train_cardinality_error_unscaled": 42.54080138445154, "train_loss_ce_0_unscaled": 0.673944314305013, "train_loss_bbox_0_unscaled": 0.14334509364816264, "train_loss_giou_0_unscaled": 1.157647349821112, "train_cardinality_error_0_unscaled": 42.54259850905218, "train_loss_ce_1_unscaled": 0.6735881045381356, "train_loss_bbox_1_unscaled": 0.14433979542273334, "train_loss_giou_1_unscaled": 1.160862331144726, "train_cardinality_error_1_unscaled": 42.54060170394036, "train_loss_ce_2_unscaled": 0.6738020442069148, "train_loss_bbox_2_unscaled": 0.1430827128037382, "train_loss_giou_2_unscaled": 1.1551434473393443, "train_cardinality_error_2_unscaled": 42.54140042598509, "train_loss_ce_3_unscaled": 0.6734717645393774, "train_loss_bbox_3_unscaled": 0.14432148795071056, "train_loss_giou_3_unscaled": 1.1612680288581168, "train_cardinality_error_3_unscaled": 42.54193290734824, "train_loss_ce_4_unscaled": 0.6738667760571987, "train_loss_bbox_4_unscaled": 0.14371098620029557, "train_loss_giou_4_unscaled": 1.1589051816092766, "train_cardinality_error_4_unscaled": 42.54206602768903, "test_class_error": 0.0, "test_loss": 36.850524943362004, "test_loss_ce": 0.722079682917822, "test_loss_bbox": 1.714517636233211, "test_loss_giou": 3.4966397596760648, "test_loss_ce_0": 0.7259437060026529, "test_loss_bbox_0": 2.0165910193905487, "test_loss_giou_0": 3.5717353482033984, "test_loss_ce_1": 0.7261738359653456, "test_loss_bbox_1": 2.025574176862676, "test_loss_giou_1": 3.589357525888493, "test_loss_ce_2": 0.7348042462827973, "test_loss_bbox_2": 1.7268980789569117, "test_loss_giou_2": 3.526681384183295, "test_loss_ce_3": 0.7312881155497467, "test_loss_bbox_3": 1.7020379701334576, "test_loss_giou_3": 3.4728115480250112, "test_loss_ce_4": 0.7167898003589905, "test_loss_bbox_4": 2.0880192082873137, "test_loss_giou_4": 3.5625816713646627, "test_loss_ce_unscaled": 0.722079682917822, "test_class_error_unscaled": 0.0, "test_loss_bbox_unscaled": 0.342903526771682, "test_loss_giou_unscaled": 1.7483198798380324, "test_cardinality_error_unscaled": 44.73041474654378, "test_loss_ce_0_unscaled": 0.7259437060026529, "test_loss_bbox_0_unscaled": 0.40331820225752263, "test_loss_giou_0_unscaled": 1.7858676741016992, "test_cardinality_error_0_unscaled": 44.73041474654378, "test_loss_ce_1_unscaled": 0.7261738359653456, "test_loss_bbox_1_unscaled": 0.4051148354057251, "test_loss_giou_1_unscaled": 1.7946787629442464, "test_cardinality_error_1_unscaled": 44.73041474654378, "test_loss_ce_2_unscaled": 0.7348042462827973, "test_loss_bbox_2_unscaled": 0.34537961617249496, "test_loss_giou_2_unscaled": 1.7633406920916475, "test_cardinality_error_2_unscaled": 44.73041474654378, "test_loss_ce_3_unscaled": 0.7312881155497467, "test_loss_bbox_3_unscaled": 0.34040759392826603, "test_loss_giou_3_unscaled": 1.7364057740125056, "test_cardinality_error_3_unscaled": 44.73041474654378, "test_loss_ce_4_unscaled": 0.7167898003589905, "test_loss_bbox_4_unscaled": 0.417603842032853, "test_loss_giou_4_unscaled": 1.7812908356823314, "test_cardinality_error_4_unscaled": 44.73041474654378, "_step": 6, "_runtime": 12646, "_timestamp": 1612464685}