{"epoch": 1, "train_lr": 9.999999999999415e-05, "train_class_error": 33.27743975261074, "train_loss": 20.237324960098196, "train_loss_ce": 0.5352131782330151, "train_loss_bbox": 0.8300715738287754, "train_loss_giou": 1.944461321804334, "train_loss_ce_0": 0.5553746871077098, "train_loss_bbox_0": 0.9015620215552711, "train_loss_giou_0": 2.033174747622968, "train_loss_ce_1": 0.5473485029773948, "train_loss_bbox_1": 0.8704948516143354, "train_loss_giou_1": 2.0041699802698156, "train_loss_ce_2": 0.5395747902235603, "train_loss_bbox_2": 0.8508552124168949, "train_loss_giou_2": 1.9761325052056973, "train_loss_ce_3": 0.533957188453109, "train_loss_bbox_3": 0.8405982667073754, "train_loss_giou_3": 1.9579582363980297, "train_loss_ce_4": 0.5337826958201511, "train_loss_bbox_4": 0.8322707600290167, "train_loss_giou_4": 1.9503244694821176, "train_loss_ce_unscaled": 0.5352131782330151, "train_class_error_unscaled": 33.27743975261074, "train_loss_bbox_unscaled": 0.16601431479334983, "train_loss_giou_unscaled": 0.972230660902167, "train_cardinality_error_unscaled": 13.885802469135802, "train_loss_ce_0_unscaled": 0.5553746871077098, "train_loss_bbox_0_unscaled": 0.18031240422095857, "train_loss_giou_0_unscaled": 1.016587373811484, "train_cardinality_error_0_unscaled": 15.261554289332068, "train_loss_ce_1_unscaled": 0.5473485029773948, "train_loss_bbox_1_unscaled": 0.17409897035966004, "train_loss_giou_1_unscaled": 1.0020849901349078, "train_cardinality_error_1_unscaled": 14.725862614751504, "train_loss_ce_2_unscaled": 0.5395747902235603, "train_loss_bbox_2_unscaled": 0.17017104253455898, "train_loss_giou_2_unscaled": 0.9880662526028486, "train_cardinality_error_2_unscaled": 14.220322886989553, "train_loss_ce_3_unscaled": 0.533957188453109, "train_loss_bbox_3_unscaled": 0.16811965334477702, "train_loss_giou_3_unscaled": 0.9789791181990148, "train_cardinality_error_3_unscaled": 14.167537195314972, "train_loss_ce_4_unscaled": 0.5337826958201511, "train_loss_bbox_4_unscaled": 0.16645415181759302, "train_loss_giou_4_unscaled": 0.9751622347410588, "train_cardinality_error_4_unscaled": 13.947372586261475, "test_class_error": 31.612912837905114, "test_loss": 21.581733920357443, "test_loss_ce": 0.5166528123534389, "test_loss_bbox": 0.828823132195858, "test_loss_giou": 1.902077589597967, "test_loss_ce_0": 0.5569463412587842, "test_loss_bbox_0": 1.3595760584329113, "test_loss_giou_0": 2.525297368867229, "test_loss_ce_1": 0.5759945219721306, "test_loss_bbox_1": 1.0579515972146483, "test_loss_giou_1": 2.2261951926982766, "test_loss_ce_2": 0.5404966942062883, "test_loss_bbox_2": 0.8976264563248013, "test_loss_giou_2": 2.029598587164373, "test_loss_ce_3": 0.5194404286078431, "test_loss_bbox_3": 0.8724870651283048, "test_loss_giou_3": 1.8910380135280918, "test_loss_ce_4": 0.5130900108547072, "test_loss_bbox_4": 0.8600061340916036, "test_loss_giou_4": 1.9084360043358322, "test_loss_ce_unscaled": 0.5166528123534389, "test_class_error_unscaled": 31.612912837905114, "test_loss_bbox_unscaled": 0.16576462621433716, "test_loss_giou_unscaled": 0.9510387947989835, "test_cardinality_error_unscaled": 16.13888888888889, "test_loss_ce_0_unscaled": 0.5569463412587842, "test_loss_bbox_0_unscaled": 0.2719152116150868, "test_loss_giou_0_unscaled": 1.2626486844336144, "test_cardinality_error_0_unscaled": 18.574810606060606, "test_loss_ce_1_unscaled": 0.5759945219721306, "test_loss_bbox_1_unscaled": 0.21159031929805724, "test_loss_giou_1_unscaled": 1.1130975963491383, "test_cardinality_error_1_unscaled": 20.111742424242426, "test_loss_ce_2_unscaled": 0.5404966942062883, "test_loss_bbox_2_unscaled": 0.17952529139666243, "test_loss_giou_2_unscaled": 1.0147992935821866, "test_cardinality_error_2_unscaled": 18.5457702020202, "test_loss_ce_3_unscaled": 0.5194404286078431, "test_loss_bbox_3_unscaled": 0.174497413373731, "test_loss_giou_3_unscaled": 0.9455190067640459, "test_cardinality_error_3_unscaled": 17.338383838383837, "test_loss_ce_4_unscaled": 0.5130900108547072, "test_loss_bbox_4_unscaled": 0.17200122683807606, "test_loss_giou_4_unscaled": 0.9542180021679161, "test_cardinality_error_4_unscaled": 15.675189393939394, "_step": 1, "_runtime": 3812, "_timestamp": 1612344890}