{"epoch": 0, "train_lr": 9.999999999999008e-05, "train_class_error": 0.0, "train_loss": 40.81948648834521, "train_loss_ce": 0.7700330324004441, "train_loss_bbox": 1.7335744170995113, "train_loss_giou": 3.5150672061325174, "train_loss_ce_0": 0.7488347752205097, "train_loss_bbox_0": 2.117600398216163, "train_loss_giou_0": 3.561590667875556, "train_loss_ce_1": 0.7649618453856757, "train_loss_bbox_1": 2.5355513348196546, "train_loss_giou_1": 3.5468913515027194, "train_loss_ce_2": 0.7242302342510846, "train_loss_bbox_2": 2.1789118817710804, "train_loss_giou_2": 3.623878834479321, "train_loss_ce_3": 0.7650220421383668, "train_loss_bbox_3": 4.231641635224309, "train_loss_giou_3": 3.90806087621395, "train_loss_ce_4": 0.7570350751755928, "train_loss_bbox_4": 1.7951847343915617, "train_loss_giou_4": 3.5414162008202723, "train_loss_ce_unscaled": 0.7700330324004441, "train_class_error_unscaled": 0.0, "train_loss_bbox_unscaled": 0.346714883199791, "train_loss_giou_unscaled": 1.7575336030662587, "train_cardinality_error_unscaled": 44.729542835190166, "train_loss_ce_0_unscaled": 0.7488347752205097, "train_loss_bbox_0_unscaled": 0.4235200795358962, "train_loss_giou_0_unscaled": 1.780795333937778, "train_cardinality_error_0_unscaled": 44.729542835190166, "train_loss_ce_1_unscaled": 0.7649618453856757, "train_loss_bbox_1_unscaled": 0.5071102667670043, "train_loss_giou_1_unscaled": 1.7734456757513597, "train_cardinality_error_1_unscaled": 44.729542835190166, "train_loss_ce_2_unscaled": 0.7242302342510846, "train_loss_bbox_2_unscaled": 0.43578237674119974, "train_loss_giou_2_unscaled": 1.8119394172396606, "train_cardinality_error_2_unscaled": 44.729542835190166, "train_loss_ce_3_unscaled": 0.7650220421383668, "train_loss_bbox_3_unscaled": 0.8463283280569729, "train_loss_giou_3_unscaled": 1.954030438106975, "train_cardinality_error_3_unscaled": 44.729542835190166, "train_loss_ce_4_unscaled": 0.7570350751755928, "train_loss_bbox_4_unscaled": 0.3590369467643926, "train_loss_giou_4_unscaled": 1.7707081004101362, "train_cardinality_error_4_unscaled": 44.729542835190166, "_step": 0, "_runtime": 3572, "_timestamp": 1612280502}