{"epoch": 20, "train_lr": 9.999999999999334e-05, "train_class_error": 2.6168395134841544, "train_loss": 19.979636448767746, "train_loss_ce": 0.66469271696858, "train_loss_bbox": 0.5793438187430398, "train_loss_giou": 2.0851711639390587, "train_loss_ce_0": 0.6659967795379372, "train_loss_bbox_0": 0.580551927216962, "train_loss_giou_0": 2.0843640530325227, "train_loss_ce_1": 0.6656394737819259, "train_loss_bbox_1": 0.5802577551339254, "train_loss_giou_1": 2.0832520224415836, "train_loss_ce_2": 0.6655463702794208, "train_loss_bbox_2": 0.5800630853325922, "train_loss_giou_2": 2.0825544362124035, "train_loss_ce_3": 0.6665957428522892, "train_loss_bbox_3": 0.582810154055762, "train_loss_giou_3": 2.086372197372591, "train_loss_ce_4": 0.6657439900663333, "train_loss_bbox_4": 0.5785585584255833, "train_loss_giou_4": 2.082122188787491, "train_loss_ce_unscaled": 0.66469271696858, "train_class_error_unscaled": 2.6168395134841544, "train_loss_bbox_unscaled": 0.1158687637640804, "train_loss_giou_unscaled": 1.0425855819695293, "train_cardinality_error_unscaled": 40.25938498402556, "train_loss_ce_0_unscaled": 0.6659967795379372, "train_loss_bbox_0_unscaled": 0.1161103854541041, "train_loss_giou_0_unscaled": 1.0421820265162614, "train_cardinality_error_0_unscaled": 39.96072949946752, "train_loss_ce_1_unscaled": 0.6656394737819259, "train_loss_bbox_1_unscaled": 0.11605155103690168, "train_loss_giou_1_unscaled": 1.0416260112207918, "train_cardinality_error_1_unscaled": 40.255324813631525, "train_loss_ce_2_unscaled": 0.6655463702794208, "train_loss_bbox_2_unscaled": 0.11601261707484976, "train_loss_giou_2_unscaled": 1.0412772181062018, "train_cardinality_error_2_unscaled": 40.53534345047923, "train_loss_ce_3_unscaled": 0.6665957428522892, "train_loss_bbox_3_unscaled": 0.11656203083852673, "train_loss_giou_3_unscaled": 1.0431860986862955, "train_cardinality_error_3_unscaled": 41.55777422790202, "train_loss_ce_4_unscaled": 0.6657439900663333, "train_loss_bbox_4_unscaled": 0.11571171173391441, "train_loss_giou_4_unscaled": 1.0410610943937455, "train_cardinality_error_4_unscaled": 39.93144302449414, "test_class_error": 0.0, "test_loss": 46.05605279831659, "test_loss_ce": 0.7921998470609638, "test_loss_bbox": 2.663810122672314, "test_loss_giou": 3.4553680744039297, "test_loss_ce_0": 0.6883367106844935, "test_loss_bbox_0": 4.236068077351091, "test_loss_giou_0": 3.811485494153657, "test_loss_ce_1": 0.7158629148969635, "test_loss_bbox_1": 3.6302513167971657, "test_loss_giou_1": 3.798878409712362, "test_loss_ce_2": 0.7824475226863739, "test_loss_bbox_2": 3.6479835836202503, "test_loss_giou_2": 3.8257032052346274, "test_loss_ce_3": 0.757119113032902, "test_loss_bbox_3": 2.2417468399313005, "test_loss_giou_3": 3.6886160871766496, "test_loss_ce_4": 0.764360161970288, "test_loss_bbox_4": 2.8368679526764127, "test_loss_giou_4": 3.718947862150482, "test_loss_ce_unscaled": 0.7921998470609638, "test_class_error_unscaled": 0.0, "test_loss_bbox_unscaled": 0.5327620233556459, "test_loss_giou_unscaled": 1.7276840372019648, "test_cardinality_error_unscaled": 44.73041474654378, "test_loss_ce_0_unscaled": 0.6883367106844935, "test_loss_bbox_0_unscaled": 0.847213615287101, "test_loss_giou_0_unscaled": 1.9057427470768284, "test_cardinality_error_0_unscaled": 5.2695852534562215, "test_loss_ce_1_unscaled": 0.7158629148969635, "test_loss_bbox_1_unscaled": 0.7260502618944956, "test_loss_giou_1_unscaled": 1.899439204856181, "test_cardinality_error_1_unscaled": 44.73041474654378, "test_loss_ce_2_unscaled": 0.7824475226863739, "test_loss_bbox_2_unscaled": 0.7295967160556723, "test_loss_giou_2_unscaled": 1.9128516026173137, "test_cardinality_error_2_unscaled": 44.73041474654378, "test_loss_ce_3_unscaled": 0.757119113032902, "test_loss_bbox_3_unscaled": 0.4483493680961304, "test_loss_giou_3_unscaled": 1.8443080435883248, "test_cardinality_error_3_unscaled": 44.73041474654378, "test_loss_ce_4_unscaled": 0.764360161970288, "test_loss_bbox_4_unscaled": 0.5673735901919378, "test_loss_giou_4_unscaled": 1.859473931075241, "test_cardinality_error_4_unscaled": 44.73041474654378, "_step": 20, "_runtime": 40710, "_timestamp": 1612335994}