{"epoch": 14, "train_lr": 0.0009999999999999194, "train_class_error": 0.008493596118606063, "train_loss": 22.109709530973586, "train_loss_ce": 0.6718620348154419, "train_loss_bbox": 0.7083865814506055, "train_loss_giou": 2.31713383117169, "train_loss_ce_0": 0.670727777230346, "train_loss_bbox_0": 0.7099365493018851, "train_loss_giou_0": 2.3189519582845914, "train_loss_ce_1": 0.6711250819242038, "train_loss_bbox_1": 0.7037664492068072, "train_loss_giou_1": 2.302676143325048, "train_loss_ce_2": 0.6714137234309484, "train_loss_bbox_2": 0.703333186551024, "train_loss_giou_2": 2.3081683334641565, "train_loss_ce_3": 0.671342429705956, "train_loss_bbox_3": 0.7010086951529383, "train_loss_giou_3": 2.3033686046021433, "train_loss_ce_4": 0.6711351035660702, "train_loss_bbox_4": 0.6989287158615165, "train_loss_giou_4": 2.3064443291312715, "train_loss_ce_unscaled": 0.6718620348154419, "train_class_error_unscaled": 0.008493596118606063, "train_loss_bbox_unscaled": 0.14167731627821922, "train_loss_giou_unscaled": 1.158566915585845, "train_cardinality_error_unscaled": 42.53494408945687, "train_loss_ce_0_unscaled": 0.670727777230346, "train_loss_bbox_0_unscaled": 0.14198730980800872, "train_loss_giou_0_unscaled": 1.1594759791422957, "train_cardinality_error_0_unscaled": 42.53441160809372, "train_loss_ce_1_unscaled": 0.6711250819242038, "train_loss_bbox_1_unscaled": 0.14075328982152496, "train_loss_giou_1_unscaled": 1.151338071662524, "train_cardinality_error_1_unscaled": 42.539936102236425, "train_loss_ce_2_unscaled": 0.6714137234309484, "train_loss_bbox_2_unscaled": 0.14066663724732317, "train_loss_giou_2_unscaled": 1.1540841667320783, "train_cardinality_error_2_unscaled": 42.539203940362086, "train_loss_ce_3_unscaled": 0.671342429705956, "train_loss_bbox_3_unscaled": 0.1402017390563751, "train_loss_giou_3_unscaled": 1.1516843023010717, "train_cardinality_error_3_unscaled": 42.54173322683706, "train_loss_ce_4_unscaled": 0.6711351035660702, "train_loss_bbox_4_unscaled": 0.13978574301103275, "train_loss_giou_4_unscaled": 1.1532221645656358, "train_cardinality_error_4_unscaled": 42.54066826411076, "test_class_error": 0.0, "test_loss": 38.17402152018979, "test_loss_ce": 0.7439757885837701, "test_loss_bbox": 2.270171986151767, "test_loss_giou": 3.5033188640796644, "test_loss_ce_0": 0.7467234493583761, "test_loss_bbox_0": 1.817533013664083, "test_loss_giou_0": 3.4891247839056034, "test_loss_ce_1": 0.7421002546396857, "test_loss_bbox_1": 1.998936529533105, "test_loss_giou_1": 3.5479888521398086, "test_loss_ce_2": 0.7401436022532883, "test_loss_bbox_2": 1.8223350129094542, "test_loss_giou_2": 3.417850912990658, "test_loss_ce_3": 0.7424301415361384, "test_loss_bbox_3": 2.0527439739114497, "test_loss_giou_3": 3.5568761155352613, "test_loss_ce_4": 0.7437793339635553, "test_loss_bbox_4": 2.6485396583325667, "test_loss_giou_4": 3.5894492064386654, "test_loss_ce_unscaled": 0.7439757885837701, "test_class_error_unscaled": 0.0, "test_loss_bbox_unscaled": 0.45403439643150467, "test_loss_giou_unscaled": 1.7516594320398322, "test_cardinality_error_unscaled": 44.73041474654378, "test_loss_ce_0_unscaled": 0.7467234493583761, "test_loss_bbox_0_unscaled": 0.36350660180006344, "test_loss_giou_0_unscaled": 1.7445623919528017, "test_cardinality_error_0_unscaled": 44.73041474654378, "test_loss_ce_1_unscaled": 0.7421002546396857, "test_loss_bbox_1_unscaled": 0.3997873053378132, "test_loss_giou_1_unscaled": 1.7739944260699043, "test_cardinality_error_1_unscaled": 44.73041474654378, "test_loss_ce_2_unscaled": 0.7401436022532883, "test_loss_bbox_2_unscaled": 0.364467002050851, "test_loss_giou_2_unscaled": 1.708925456495329, "test_cardinality_error_2_unscaled": 44.73041474654378, "test_loss_ce_3_unscaled": 0.7424301415361384, "test_loss_bbox_3_unscaled": 0.41054879459116134, "test_loss_giou_3_unscaled": 1.7784380577676306, "test_cardinality_error_3_unscaled": 44.73041474654378, "test_loss_ce_4_unscaled": 0.7437793339635553, "test_loss_bbox_4_unscaled": 0.529707932080816, "test_loss_giou_4_unscaled": 1.7947246032193327, "test_cardinality_error_4_unscaled": 44.73041474654378, "_step": 14, "_runtime": 27127, "_timestamp": 1612376771}