{"epoch": 7, "train_lr": 0.0009999999999999194, "train_class_error": 0.01835490745731309, "train_loss": 22.278968036111298, "train_loss_ce": 0.6705774835313851, "train_loss_bbox": 0.7221668144971671, "train_loss_giou": 2.317413558848242, "train_loss_ce_0": 0.6711513767528712, "train_loss_bbox_0": 0.7231892612033759, "train_loss_giou_0": 2.326277175206092, "train_loss_ce_1": 0.670875794447649, "train_loss_bbox_1": 0.7169801888826747, "train_loss_giou_1": 2.321912809047963, "train_loss_ce_2": 0.6712847214838821, "train_loss_bbox_2": 0.7171086198050247, "train_loss_giou_2": 2.3214911332590003, "train_loss_ce_3": 0.670671774937322, "train_loss_bbox_3": 0.7192655572225365, "train_loss_giou_3": 2.3175399119988542, "train_loss_ce_4": 0.6721392803457471, "train_loss_bbox_4": 0.7216647559175857, "train_loss_giou_4": 2.3272578363030103, "train_loss_ce_unscaled": 0.6705774835313851, "train_class_error_unscaled": 0.01835490745731309, "train_loss_bbox_unscaled": 0.14443336276950453, "train_loss_giou_unscaled": 1.158706779424121, "train_cardinality_error_unscaled": 42.47830138445154, "train_loss_ce_0_unscaled": 0.6711513767528712, "train_loss_bbox_0_unscaled": 0.14463785221984687, "train_loss_giou_0_unscaled": 1.163138587603046, "train_cardinality_error_0_unscaled": 42.48462460063898, "train_loss_ce_1_unscaled": 0.670875794447649, "train_loss_bbox_1_unscaled": 0.14339603770710727, "train_loss_giou_1_unscaled": 1.1609564045239815, "train_cardinality_error_1_unscaled": 42.49361022364217, "train_loss_ce_2_unscaled": 0.6712847214838821, "train_loss_bbox_2_unscaled": 0.14342172400821576, "train_loss_giou_2_unscaled": 1.1607455666295001, "train_cardinality_error_2_unscaled": 42.482894036208734, "train_loss_ce_3_unscaled": 0.670671774937322, "train_loss_bbox_3_unscaled": 0.1438531114484746, "train_loss_giou_3_unscaled": 1.1587699559994271, "train_cardinality_error_3_unscaled": 42.4888178913738, "train_loss_ce_4_unscaled": 0.6721392803457471, "train_loss_bbox_4_unscaled": 0.14433295100320356, "train_loss_giou_4_unscaled": 1.1636289181515052, "train_cardinality_error_4_unscaled": 42.48682108626198, "test_class_error": 0.0, "test_loss": 38.917187879711804, "test_loss_ce": 0.7887023192946263, "test_loss_bbox": 2.2912802072027314, "test_loss_giou": 3.465713381584156, "test_loss_ce_0": 0.7772080096231627, "test_loss_bbox_0": 2.4509934974339336, "test_loss_giou_0": 3.455339948702518, "test_loss_ce_1": 0.7841261712270582, "test_loss_bbox_1": 2.151967790086515, "test_loss_giou_1": 3.5812006566198558, "test_loss_ce_2": 0.7842415320342221, "test_loss_bbox_2": 1.7914684164450831, "test_loss_giou_2": 3.514620106707337, "test_loss_ce_3": 0.7845537092096062, "test_loss_bbox_3": 1.7615061223094914, "test_loss_giou_3": 3.492009086909199, "test_loss_ce_4": 0.7878561240553673, "test_loss_bbox_4": 2.6590587384140436, "test_loss_giou_4": 3.595342089320474, "test_loss_ce_unscaled": 0.7887023192946263, "test_class_error_unscaled": 0.0, "test_loss_bbox_unscaled": 0.45825604133067593, "test_loss_giou_unscaled": 1.732856690792078, "test_cardinality_error_unscaled": 44.73041474654378, "test_loss_ce_0_unscaled": 0.7772080096231627, "test_loss_bbox_0_unscaled": 0.4901986991480199, "test_loss_giou_0_unscaled": 1.727669974351259, "test_cardinality_error_0_unscaled": 44.73041474654378, "test_loss_ce_1_unscaled": 0.7841261712270582, "test_loss_bbox_1_unscaled": 0.4303935580928388, "test_loss_giou_1_unscaled": 1.7906003283099279, "test_cardinality_error_1_unscaled": 44.73041474654378, "test_loss_ce_2_unscaled": 0.7842415320342221, "test_loss_bbox_2_unscaled": 0.35829368294338293, "test_loss_giou_2_unscaled": 1.7573100533536685, "test_cardinality_error_2_unscaled": 44.73041474654378, "test_loss_ce_3_unscaled": 0.7845537092096062, "test_loss_bbox_3_unscaled": 0.35230122366991645, "test_loss_giou_3_unscaled": 1.7460045434545994, "test_cardinality_error_3_unscaled": 44.73041474654378, "test_loss_ce_4_unscaled": 0.7878561240553673, "test_loss_bbox_4_unscaled": 0.5318117479803741, "test_loss_giou_4_unscaled": 1.797671044660237, "test_cardinality_error_4_unscaled": 44.73041474654378, "_step": 0, "_runtime": 1808, "_timestamp": 1612536981}