{"epoch": 14, "train_lr": 0.0019999999999998387, "train_class_error": 0.0005786578876141923, "train_loss": 22.12009473552846, "train_loss_ce": 0.6707324816967352, "train_loss_bbox": 0.7065244834072674, "train_loss_giou": 2.3143610181138157, "train_loss_ce_0": 0.6709343899711887, "train_loss_bbox_0": 0.7111143962389872, "train_loss_giou_0": 2.31043475590194, "train_loss_ce_1": 0.6706932148200889, "train_loss_bbox_1": 0.701926280642216, "train_loss_giou_1": 2.305742889071425, "train_loss_ce_2": 0.6716814211731393, "train_loss_bbox_2": 0.703537919579413, "train_loss_giou_2": 2.3106216367441244, "train_loss_ce_3": 0.6715472134363791, "train_loss_bbox_3": 0.7038866476620983, "train_loss_giou_3": 2.31092059053679, "train_loss_ce_4": 0.670694481466398, "train_loss_bbox_4": 0.7047199115030174, "train_loss_giou_4": 2.310021001976519, "train_loss_ce_unscaled": 0.6707324816967352, "train_class_error_unscaled": 0.0005786578876141923, "train_loss_bbox_unscaled": 0.14130489670406707, "train_loss_giou_unscaled": 1.1571805090569078, "train_cardinality_error_unscaled": 42.541600106496276, "train_loss_ce_0_unscaled": 0.6709343899711887, "train_loss_bbox_0_unscaled": 0.14222287931762184, "train_loss_giou_0_unscaled": 1.15521737795097, "train_cardinality_error_0_unscaled": 42.54173322683706, "train_loss_ce_1_unscaled": 0.6706932148200889, "train_loss_bbox_1_unscaled": 0.14038525608043892, "train_loss_giou_1_unscaled": 1.1528714445357124, "train_cardinality_error_1_unscaled": 42.54259850905218, "train_loss_ce_2_unscaled": 0.6716814211731393, "train_loss_bbox_2_unscaled": 0.14070758378258147, "train_loss_giou_2_unscaled": 1.1553108183720622, "train_cardinality_error_2_unscaled": 42.54173322683706, "train_loss_ce_3_unscaled": 0.6715472134363791, "train_loss_bbox_3_unscaled": 0.14077732957308445, "train_loss_giou_3_unscaled": 1.155460295268395, "train_cardinality_error_3_unscaled": 42.523695420660275, "train_loss_ce_4_unscaled": 0.670694481466398, "train_loss_bbox_4_unscaled": 0.14094398231012498, "train_loss_giou_4_unscaled": 1.1550105009882594, "train_cardinality_error_4_unscaled": 42.54080138445154, "test_class_error": 0.0, "test_loss": 39.58396692466443, "test_loss_ce": 0.7474957787862389, "test_loss_bbox": 2.3079073000155654, "test_loss_giou": 3.492233018904421, "test_loss_ce_0": 0.747659781378352, "test_loss_bbox_0": 2.9901023476903887, "test_loss_giou_0": 3.7184522031089675, "test_loss_ce_1": 0.7577423227181266, "test_loss_bbox_1": 2.0425039064682755, "test_loss_giou_1": 3.5276803880609493, "test_loss_ce_2": 0.7465488548103016, "test_loss_bbox_2": 1.9942635905266541, "test_loss_giou_2": 3.515473679646552, "test_loss_ce_3": 0.7464731237672257, "test_loss_bbox_3": 2.3948863294725227, "test_loss_giou_3": 3.5749742027068834, "test_loss_ce_4": 0.7504632936278429, "test_loss_bbox_4": 2.0037444882586986, "test_loss_giou_4": 3.525363157055528, "test_loss_ce_unscaled": 0.7474957787862389, "test_class_error_unscaled": 0.0, "test_loss_bbox_unscaled": 0.46158145920884225, "test_loss_giou_unscaled": 1.7461165094522104, "test_cardinality_error_unscaled": 44.73041474654378, "test_loss_ce_0_unscaled": 0.747659781378352, "test_loss_bbox_0_unscaled": 0.5980204697440846, "test_loss_giou_0_unscaled": 1.8592261015544838, "test_cardinality_error_0_unscaled": 44.73041474654378, "test_loss_ce_1_unscaled": 0.7577423227181266, "test_loss_bbox_1_unscaled": 0.4085007814344265, "test_loss_giou_1_unscaled": 1.7638401940304747, "test_cardinality_error_1_unscaled": 44.73041474654378, "test_loss_ce_2_unscaled": 0.7465488548103016, "test_loss_bbox_2_unscaled": 0.39885271897971536, "test_loss_giou_2_unscaled": 1.757736839823276, "test_cardinality_error_2_unscaled": 44.73041474654378, "test_loss_ce_3_unscaled": 0.7464731237672257, "test_loss_bbox_3_unscaled": 0.478977265606095, "test_loss_giou_3_unscaled": 1.7874871013534417, "test_cardinality_error_3_unscaled": 44.73041474654378, "test_loss_ce_4_unscaled": 0.7504632936278429, "test_loss_bbox_4_unscaled": 0.4007488973610412, "test_loss_giou_4_unscaled": 1.762681578527764, "test_cardinality_error_4_unscaled": 44.73041474654378, "_step": 14, "_runtime": 27291, "_timestamp": 1612493085}