{"epoch": 13, "train_lr": 1.0, "train_class_error": 14.44235896657958, "train_loss": 18.188064612519625, "train_loss_ce": 0.5344073194236801, "train_loss_bbox": 0.46612776903766856, "train_loss_giou": 1.9962582472033394, "train_loss_ce_0": 0.5365683177091316, "train_loss_bbox_0": 0.5053606567957911, "train_loss_giou_0": 2.0664076368870954, "train_loss_ce_1": 0.53624862807786, "train_loss_bbox_1": 0.48633428581884175, "train_loss_giou_1": 2.0346823918997163, "train_loss_ce_2": 0.5344413435592438, "train_loss_bbox_2": 0.47378893682774836, "train_loss_giou_2": 2.0138276613399753, "train_loss_ce_3": 0.53516134490379, "train_loss_bbox_3": 0.4654918330046125, "train_loss_giou_3": 2.0006997639886612, "train_loss_ce_4": 0.5351052316375815, "train_loss_bbox_4": 0.4660295380519443, "train_loss_giou_4": 2.001123726256866, "train_loss_ce_unscaled": 0.5344073194236801, "train_class_error_unscaled": 14.44235896657958, "train_loss_bbox_unscaled": 0.09322555379047434, "train_loss_giou_unscaled": 0.9981291236016697, "train_cardinality_error_unscaled": 22.080737486687966, "train_loss_ce_0_unscaled": 0.5365683177091316, "train_loss_bbox_0_unscaled": 0.1010721313154188, "train_loss_giou_0_unscaled": 1.0332038184435477, "train_cardinality_error_0_unscaled": 22.715921192758252, "train_loss_ce_1_unscaled": 0.53624862807786, "train_loss_bbox_1_unscaled": 0.09726685719193615, "train_loss_giou_1_unscaled": 1.0173411959498582, "train_cardinality_error_1_unscaled": 22.26750532481363, "train_loss_ce_2_unscaled": 0.5344413435592438, "train_loss_bbox_2_unscaled": 0.09475778733033992, "train_loss_giou_2_unscaled": 1.0069138306699876, "train_cardinality_error_2_unscaled": 22.12979233226837, "train_loss_ce_3_unscaled": 0.53516134490379, "train_loss_bbox_3_unscaled": 0.09309836660727018, "train_loss_giou_3_unscaled": 1.0003498819943306, "train_cardinality_error_3_unscaled": 22.3649494142705, "train_loss_ce_4_unscaled": 0.5351052316375815, "train_loss_bbox_4_unscaled": 0.09320590758043579, "train_loss_giou_4_unscaled": 1.000561863128433, "train_cardinality_error_4_unscaled": 22.12433439829606, "test_class_error": 48.8302257907006, "test_loss": 33.98040579577562, "test_loss_ce": 0.5748464445456198, "test_loss_bbox": 1.5392464713383747, "test_loss_giou": 3.5129507957698745, "test_loss_ce_0": 0.5825962633489646, "test_loss_bbox_0": 1.942176699615477, "test_loss_giou_0": 3.5975717858235408, "test_loss_ce_1": 0.5758909453536325, "test_loss_bbox_1": 1.5945563967784613, "test_loss_giou_1": 3.455559754701254, "test_loss_ce_2": 0.5761995848422775, "test_loss_bbox_2": 1.5735472852962173, "test_loss_giou_2": 3.45879862348788, "test_loss_ce_3": 0.5761047021218343, "test_loss_bbox_3": 1.4917485355506843, "test_loss_giou_3": 3.4401432704266317, "test_loss_ce_4": 0.5756825457245524, "test_loss_bbox_4": 1.468711781176737, "test_loss_giou_4": 3.4440739738959505, "test_loss_ce_unscaled": 0.5748464445456198, "test_class_error_unscaled": 48.8302257907006, "test_loss_bbox_unscaled": 0.30784929346882617, "test_loss_giou_unscaled": 1.7564753978849372, "test_cardinality_error_unscaled": 21.72542242703533, "test_loss_ce_0_unscaled": 0.5825962633489646, "test_loss_bbox_0_unscaled": 0.3884353394406961, "test_loss_giou_0_unscaled": 1.7987858929117704, "test_cardinality_error_0_unscaled": 23.464285714285715, "test_loss_ce_1_unscaled": 0.5758909453536325, "test_loss_bbox_1_unscaled": 0.31891127917257506, "test_loss_giou_1_unscaled": 1.727779877350627, "test_cardinality_error_1_unscaled": 21.891705069124423, "test_loss_ce_2_unscaled": 0.5761995848422775, "test_loss_bbox_2_unscaled": 0.314709456960818, "test_loss_giou_2_unscaled": 1.72939931174394, "test_cardinality_error_2_unscaled": 20.716973886328724, "test_loss_ce_3_unscaled": 0.5761047021218343, "test_loss_bbox_3_unscaled": 0.2983497067507694, "test_loss_giou_3_unscaled": 1.7200716352133159, "test_cardinality_error_3_unscaled": 21.34485407066052, "test_loss_ce_4_unscaled": 0.5756825457245524, "test_loss_bbox_4_unscaled": 0.29374235565166135, "test_loss_giou_4_unscaled": 1.7220369869479752, "test_cardinality_error_4_unscaled": 20.96505376344086, "_step": 13, "_runtime": 25515, "_timestamp": 1612402974}