{"epoch": 14, "train_lr": 0.010000000000000292, "train_class_error": 17.027414948541644, "train_loss": 20.713517130373386, "train_loss_ce": 0.555724222780353, "train_loss_bbox": 0.6569105309213058, "train_loss_giou": 2.2300029454774624, "train_loss_ce_0": 0.5724415414439984, "train_loss_bbox_0": 0.7173120415391633, "train_loss_giou_0": 2.2547667130621605, "train_loss_ce_1": 0.5592390050014622, "train_loss_bbox_1": 0.6691469565208473, "train_loss_giou_1": 2.225065873929868, "train_loss_ce_2": 0.5576615003478159, "train_loss_bbox_2": 0.6530709001250541, "train_loss_giou_2": 2.2152376129858284, "train_loss_ce_3": 0.5577783828027967, "train_loss_bbox_3": 0.6425434539493281, "train_loss_giou_3": 2.2204620408745237, "train_loss_ce_4": 0.5556028023663674, "train_loss_bbox_4": 0.6455662085876044, "train_loss_giou_4": 2.2249843850493813, "train_loss_ce_unscaled": 0.555724222780353, "train_class_error_unscaled": 17.027414948541644, "train_loss_bbox_unscaled": 0.13138210615966395, "train_loss_giou_unscaled": 1.1150014727387312, "train_cardinality_error_unscaled": 20.923056443024493, "train_loss_ce_0_unscaled": 0.5724415414439984, "train_loss_bbox_0_unscaled": 0.14346240834095958, "train_loss_giou_0_unscaled": 1.1273833565310802, "train_cardinality_error_0_unscaled": 22.705537806176785, "train_loss_ce_1_unscaled": 0.5592390050014622, "train_loss_bbox_1_unscaled": 0.1338293913551492, "train_loss_giou_1_unscaled": 1.112532936964934, "train_cardinality_error_1_unscaled": 20.65448615548456, "train_loss_ce_2_unscaled": 0.5576615003478159, "train_loss_bbox_2_unscaled": 0.1306141799532028, "train_loss_giou_2_unscaled": 1.1076188064929142, "train_cardinality_error_2_unscaled": 19.91906283280085, "train_loss_ce_3_unscaled": 0.5577783828027967, "train_loss_bbox_3_unscaled": 0.12850869075257304, "train_loss_giou_3_unscaled": 1.1102310204372619, "train_cardinality_error_3_unscaled": 20.18783280085197, "train_loss_ce_4_unscaled": 0.5556028023663674, "train_loss_bbox_4_unscaled": 0.1291132416254796, "train_loss_giou_4_unscaled": 1.1124921925246907, "train_cardinality_error_4_unscaled": 20.835330138445155, "test_class_error": 50.25399131013135, "test_loss": 39.052571330385454, "test_loss_ce": 0.606782165357411, "test_loss_bbox": 2.0672346116394125, "test_loss_giou": 3.7468580412242085, "test_loss_ce_0": 0.667923804023482, "test_loss_bbox_0": 2.1159534653943437, "test_loss_giou_0": 3.7578127581952354, "test_loss_ce_1": 0.6384043541097422, "test_loss_bbox_1": 2.2112780900045474, "test_loss_giou_1": 3.7989890311720185, "test_loss_ce_2": 0.6535129647833594, "test_loss_bbox_2": 2.1115538177585456, "test_loss_giou_2": 3.766784785896219, "test_loss_ce_3": 0.6351270376720369, "test_loss_bbox_3": 2.17404751980909, "test_loss_giou_3": 3.7742850538772372, "test_loss_ce_4": 0.6217338466149871, "test_loss_bbox_4": 1.9792778455808233, "test_loss_giou_4": 3.7250121738504154, "test_loss_ce_unscaled": 0.606782165357411, "test_class_error_unscaled": 50.25399131013135, "test_loss_bbox_unscaled": 0.4134469224789542, "test_loss_giou_unscaled": 1.8734290206121043, "test_cardinality_error_unscaled": 21.156298003072198, "test_loss_ce_0_unscaled": 0.667923804023482, "test_loss_bbox_0_unscaled": 0.42319069348401556, "test_loss_giou_0_unscaled": 1.8789063790976177, "test_cardinality_error_0_unscaled": 36.43010752688172, "test_loss_ce_1_unscaled": 0.6384043541097422, "test_loss_bbox_1_unscaled": 0.4422556179276626, "test_loss_giou_1_unscaled": 1.8994945155860092, "test_cardinality_error_1_unscaled": 24.627880184331797, "test_loss_ce_2_unscaled": 0.6535129647833594, "test_loss_bbox_2_unscaled": 0.42231076345786156, "test_loss_giou_2_unscaled": 1.8833923929481096, "test_cardinality_error_2_unscaled": 25.65284178187404, "test_loss_ce_3_unscaled": 0.6351270376720369, "test_loss_bbox_3_unscaled": 0.43480950397097384, "test_loss_giou_3_unscaled": 1.8871425269386186, "test_cardinality_error_3_unscaled": 23.412058371735792, "test_loss_ce_4_unscaled": 0.6217338466149871, "test_loss_bbox_4_unscaled": 0.3958555694366197, "test_loss_giou_4_unscaled": 1.8625060869252077, "test_cardinality_error_4_unscaled": 22.727342549923193, "_step": 14, "_runtime": 26061, "_timestamp": 1612535032}