{"epoch": 14, "train_lr": 0.010000000000000292, "train_class_error": -1.2593782240082535e-07, "train_loss": 21.882098802235433, "train_loss_ce": 0.6709881970327629, "train_loss_bbox": 0.6881383610006593, "train_loss_giou": 2.2873195765879206, "train_loss_ce_0": 0.671406115999364, "train_loss_bbox_0": 0.6878037826734356, "train_loss_giou_0": 2.290357942969654, "train_loss_ce_1": 0.6709202539266996, "train_loss_bbox_1": 0.6860900128278108, "train_loss_giou_1": 2.2854213165208552, "train_loss_ce_2": 0.6710601726088661, "train_loss_bbox_2": 0.6870802070973272, "train_loss_giou_2": 2.2917346557298788, "train_loss_ce_3": 0.6712821377193331, "train_loss_bbox_3": 0.6886019555096048, "train_loss_giou_3": 2.2903647743982756, "train_loss_ce_4": 0.6712858456646165, "train_loss_bbox_4": 0.6862546164895525, "train_loss_giou_4": 2.285988883342479, "train_loss_ce_unscaled": 0.6709881970327629, "train_class_error_unscaled": -1.2593782240082535e-07, "train_loss_bbox_unscaled": 0.13762767215807853, "train_loss_giou_unscaled": 1.1436597882939603, "train_cardinality_error_unscaled": 42.54273162939297, "train_loss_ce_0_unscaled": 0.671406115999364, "train_loss_bbox_0_unscaled": 0.13756075653786096, "train_loss_giou_0_unscaled": 1.145178971484827, "train_cardinality_error_0_unscaled": 42.54273162939297, "train_loss_ce_1_unscaled": 0.6709202539266996, "train_loss_bbox_1_unscaled": 0.13721800260285472, "train_loss_giou_1_unscaled": 1.1427106582604276, "train_cardinality_error_1_unscaled": 42.54273162939297, "train_loss_ce_2_unscaled": 0.6710601726088661, "train_loss_bbox_2_unscaled": 0.13741604147401576, "train_loss_giou_2_unscaled": 1.1458673278649394, "train_cardinality_error_2_unscaled": 42.54273162939297, "train_loss_ce_3_unscaled": 0.6712821377193331, "train_loss_bbox_3_unscaled": 0.1377203909737773, "train_loss_giou_3_unscaled": 1.1451823871991378, "train_cardinality_error_3_unscaled": 42.54273162939297, "train_loss_ce_4_unscaled": 0.6712858456646165, "train_loss_bbox_4_unscaled": 0.13725092338400083, "train_loss_giou_4_unscaled": 1.1429944416712394, "train_cardinality_error_4_unscaled": 42.54266506922258, "test_class_error": 0.0, "test_loss": 37.551892563311554, "test_loss_ce": 0.7675378123003583, "test_loss_bbox": 1.8980501405837533, "test_loss_giou": 3.5204037955279723, "test_loss_ce_0": 0.769580425571553, "test_loss_bbox_0": 1.869771278788051, "test_loss_giou_0": 3.531257147430092, "test_loss_ce_1": 0.7653675877736644, "test_loss_bbox_1": 2.0220703272272, "test_loss_giou_1": 3.5296004298279, "test_loss_ce_2": 0.7676959508391935, "test_loss_bbox_2": 2.030655502059859, "test_loss_giou_2": 3.555679833467838, "test_loss_ce_3": 0.7671037371257483, "test_loss_bbox_3": 1.9208435581942673, "test_loss_giou_3": 3.523310396894698, "test_loss_ce_4": 0.76808522236512, "test_loss_bbox_4": 2.0016466839934273, "test_loss_giou_4": 3.5432323163372397, "test_loss_ce_unscaled": 0.7675378123003583, "test_class_error_unscaled": 0.0, "test_loss_bbox_unscaled": 0.37961002850701914, "test_loss_giou_unscaled": 1.7602018977639862, "test_cardinality_error_unscaled": 44.73041474654378, "test_loss_ce_0_unscaled": 0.769580425571553, "test_loss_bbox_0_unscaled": 0.37395425588350323, "test_loss_giou_0_unscaled": 1.765628573715046, "test_cardinality_error_0_unscaled": 44.73041474654378, "test_loss_ce_1_unscaled": 0.7653675877736644, "test_loss_bbox_1_unscaled": 0.4044140652909348, "test_loss_giou_1_unscaled": 1.76480021491395, "test_cardinality_error_1_unscaled": 44.73041474654378, "test_loss_ce_2_unscaled": 0.7676959508391935, "test_loss_bbox_2_unscaled": 0.40613110016133014, "test_loss_giou_2_unscaled": 1.777839916733919, "test_cardinality_error_2_unscaled": 44.73041474654378, "test_loss_ce_3_unscaled": 0.7671037371257483, "test_loss_bbox_3_unscaled": 0.38416871201882163, "test_loss_giou_3_unscaled": 1.761655198447349, "test_cardinality_error_3_unscaled": 44.73041474654378, "test_loss_ce_4_unscaled": 0.76808522236512, "test_loss_bbox_4_unscaled": 0.40032933655262176, "test_loss_giou_4_unscaled": 1.7716161581686198, "test_cardinality_error_4_unscaled": 44.73041474654378, "_step": 14, "_runtime": 26208, "_timestamp": 1612451173}